Workbook

Sheet Backlog
A1: Riviso — Production Hardening & Scale Tracker (Target ~50 users)
A2: Phase | B2: ID | C2: Category | D2: Item | E2: Severity / Priority | F2: Effort | G2: Evidence (file:line) | H2: Fix / Action | I2: Verification | J2: Status | K2: Owner | L2: Notes
A3: PHASE 0 — Critical Security (stop-the-bleed)
A4: P0 | B4: S0.1 | C4: Security | D4: Fail-fast on placeholder/short SECRET_KEY in production | E4: Critical | F4: S | G4: core/config.py:47-49; core/production.py:67-71 | H4: Raise at startup if ENVIRONMENT=production and key is default or <32 chars | I4: Boot with bad key exits non-zero | J4: Not Started
A5: P0 | B5: S0.2 | C5: Security | D5: Remove hardcoded admin seed 'Admin@2026' | E5: Critical | F5: S | G5: app.py:52-78 | H5: Delete seed; env-gated one-time bootstrap CLI | I5: grep finds no literal password; fresh DB has no default admin | J5: Not Started
A6: P0 | B6: S0.3 | C6: Security | D6: Stop returning WordPress app password in API responses | E6: High | F6: S | G6: routes/wordpress.py:537,584-585; schemas/project_settings.py:34-36 | H6: Return wp_app_password_set: bool only | I6: Response JSON contains no secret | J6: Not Started
A7: P0 | B7: S0.4 | C7: Security | D7: Disallow MONGODB_TLS_INSECURE & OAUTHLIB_INSECURE_TRANSPORT in prod | E7: High | F7: S | G7: database.py:88-93; app.py:33-36 | H7: Startup check rejects insecure transport in production | I7: Prod boot fails if flags set | J7: Not Started
A8: P0 | B8: S0.5 | C8: Security | D8: Confirm legacy Flask app.py is not deployed/reachable | E8: High | F8: M | G8: app.py (whole) | H8: Remove from deploy target or gate behind disabled flag | I8: No prod route served by Flask | J8: Not Started
A9: PHASE 1 — Security Hardening
A10: P1 | B10: S1.1 | C10: Security | D10: Refresh-token rotation + server-side invalidation | E10: High | F10: M | G10: routes/auth.py:700-790 | H10: Issue new RT each refresh; track jti allow/deny list | I10: Reused old RT is rejected | J10: Not Started
A11: P1 | B11: S1.2 | C11: Security | D11: Rate-limit /auth/refresh | E11: High | F11: S | G11: routes/auth.py:700 | H11: @limiter.limit('20/minute') | I11: 429 after threshold | J11: Not Started
A12: P1 | B12: S1.3 | C12: Security | D12: Move JWT tokens out of localStorage to httpOnly cookies | E12: High | F12: M | G12: frontend/src/lib/api.ts:1038-1060,1282-1347 | H12: Cookie-only auth; remove localStorage | I12: No tokens in localStorage; XSS cannot read | J12: Not Started
A13: P1 | B13: S1.4 | C13: Security | D13: Cookie Secure default true in prod + max_age aligned to TTL | E13: Medium | F13: S | G13: core/config.py:53; routes/auth.py:127-163,772-788 | H13: Secure+SameSite+expiry | I13: Cookies have Secure+expiry in prod | J13: Not Started
A14: P1 | B14: S1.5 | C14: Security | D14: Account lockout after N failed logins | E14: Medium | F14: M | G14: routes/auth.py:187 | H14: Per-email backoff/lockout | I14: Lockout triggers in test | J14: Not Started
A15: P1 | B15: S1.6a | C15: Security | D15: SSRF guard on WordPress URL fetch (block private/metadata IPs) | E15: High | F15: M | G15: routes/wordpress.py:140-146; services/wordpress_client.py:45-81 | H15: URL allowlist + IP guard; restrict redirects | I15: Request to 169.254.169.254 / 10.x blocked | J15: Not Started
A16: P1 | B16: S1.6b | C16: Security | D16: SSRF guard on Shopify shop resolution | E16: High | F16: M | G16: services/shopify_oauth.py:132-137 | H16: Require *.myshopify.com / Admin API only | I16: Non-shopify host rejected | J16: Not Started
A17: P1 | B17: S1.6c | C17: Security | D17: SSRF guard on featured-image + OpenAI ref-image download | E17: High | F17: M | G17: services/wordpress_client.py:231-237; services/shopify_article_image.py:47-61; services/openai_client.py:175-178 | H17: HTTPS host allowlist / data-URL only | I17: Internal IP fetch blocked | J17: Not Started
A18: P1 | B18: S1.7 | C18: Security | D18: CSRF protection for cookie auth | E18: Medium | F18: M | G18: core/deps.py:38-46 | H18: Require X-Requested-With on mutations or SameSite=Strict | I18: Cross-site POST without header rejected | J18: Not Started
A19: P1 | B19: S1.8 | C19: Security | D19: Drop localhost origins from production CORS | E19: Medium | F19: S | G19: main.py:72-87,234-240 | H19: Env-only strict allowlist in production | I19: Prod CORS excludes localhost | J19: Not Started
A20: P1 | B20: S1.9 | C20: Security | D20: Rate-limit expensive endpoints (generate/bulk-upload/publish/research) | E20: Medium | F20: M | G20: core/ratelimit.py:13 | H20: Per-user limits on OpenAI-backed routes | I20: 429 after threshold per user | J20: Not Started
A21: P1 | B21: S1.10 | C21: Security | D21: Trust-proxy config so rate-limit key is not XFF-spoofable | E21: Medium | F21: S | G21: core/ratelimit.py:11-13 | H21: Configure trusted proxy or key by user id | I21: Spoofed XFF does not bypass limit | J21: Not Started
... A25: P1 | B25: S1.14 | C25: Security | D25: Add Next.js security headers | E25: Low | F25: S | G25: frontend/next.config.ts:15-27 | H25: headers() with HSTS/CSP/X-Frame | I25: Headers present on frontend responses | J25: Not Started
A26: PHASE 2 — Performance Quick Wins
A27: P2 | B27: P2.1 | C27: Performance | D27: Request-scoped cache for user/subscription/plan | E27: High | F27: M | G27: core/deps.py:58-60; middleware/plan_limits.py:79-90; services/plan_gatekeeper.py:92-97 | H27: Attach to request.state; gatekeeper reads it | I27: 1 user read per request (not 3-5) | J27: Not Started
A28: P2 | B28: P2.2 | C28: Performance | D28: TTL cache for load_plans() | E28: Medium | F28: S | G28: storage.py:1205; services/plan_gatekeeper.py:49-58 | H28: Module cache ~60s invalidated on upsert_plan | I28: Plans read once per TTL window | J28: Not Started
A29: P2 | B29: P2.3 | C29: Performance | D29: Wrap all sync storage in run_sync on hot async paths | E29: High | F29: M | G29: core/deps.py:58-60; core/project_lookup.py:27-45; routes/wordpress.py:470 | H29: await run_sync(...) everywhere | I29: No sync PyMongo on event loop (profiler) | J29: Not Started
A30: P2 | B30: P2.4 | C30: Performance | D30: Add load_articles_by_ids_for_project; drop 20k scans | E30: High | F30: M | G30: routes/articles.py:1028-1037; routes/scheduled_jobs.py:246-256 | H30: $in query batch fetch | I30: Bulk validate uses single $in query | J30: Not Started
A31: P2 | B31: P2.5 | C31: Performance | D31: asyncio.gather serial pairs (editor-shell, board, shopify sync) | E31: Medium | F31: M | G31: routes/articles.py:1248-1262; routes/scheduled_jobs.py:284-295; services/shopify_sync.py:196-250 | H31: Concurrent independent awaits | I31: Latency = max not sum | J31: Not Started
A32: P2 | B32: P2.6 | C32: Frontend | D32: Visibility guard + backoff on all poll loops | E32: Medium | F32: M | G32: frontend/src/lib/api.ts:788-844; app/projects/[projectId]/page.tsx:1763-1774,3096-3120 | H32: document.hidden check + backoff | I32: No polling when tab hidden | J32: Not Started
A33: P2 | B33: P2.7 | C33: Frontend | D33: Replace listArticlesAll waterfall with aggregate endpoint | E33: High | F33: M | G33: frontend/src/lib/api.ts:1963-1975; page.tsx:1283-1322 | H33: Use workspaceOverview() | I33: Overview loads 1 request not 50 | J33: Not Started
A34: P2 | B34: P2.8 | C34: Frontend | D34: Stop shell refetch on tab switch; dedupe GSC analytics | E34: Medium | F34: S | G34: page.tsx:1171-1218,1290-1372,2508-2521 | H34: Drop tab from deps; share analytics in state | I34: Tab switch fires no shell refetch | J34: Not Started
A35: PHASE 3 — Infrastructure for ~50 Users
A36: P3 | B36: I3.1 | C36: Infrastructure | D36: Separate worker & scheduler from API processes | E36: High | F36: M | G36: main.py:129-138 (lifespan); Procfile | H36: API ENABLE_SCHEDULER=0/worker=0 + 1 worker + 1 scheduler proc | I36: API process runs no scheduler/worker | J36: Not Started
A37: P3 | B37: I3.2 | C37: Infrastructure | D37: Managed MongoDB Atlas M10 (TLS, IP allowlist, backups) | E37: High | F37: M | G37: database.py:88-93 | H37: Atlas M10, TLS on, maxIdleTimeMS=30000 | I37: App connects to M10 over TLS | J37: Not Started
A38: P3 | B38: I3.3 | C38: Infrastructure | D38: Managed Redis (auth + TLS) | E38: High | F38: S | G38: services/generation_queue.py | H38: Single managed Redis with auth/TLS | I38: Queue uses managed Redis | J38: Not Started
A39: P3 | B39: I3.4 | C39: Infrastructure | D39: Automated daily backups + tested restore | E39: High | F39: S | G39: Atlas / ops | H39: Continuous backup; quarterly restore drill | I39: Restore drill succeeds | J39: Not Started
A40: P3 | B40: I3.5 | C40: Infrastructure | D40: TLS termination + HSTS + gzip at Nginx/Cloudflare | E40: High | F40: S | G40: nginx/ | H40: Force HTTPS redirect + HSTS | I40: HTTP redirects to HTTPS; HSTS header set | J40: Not Started
A41: P3 | B41: I3.6 | C41: Infrastructure | D41: Connection pool sizing across processes | E41: Medium | F41: S | G41: database.py | H41: Set maxPoolSize per process; sum < Atlas limit | I41: No connection-limit errors under load | J41: Not Started
A42: P3 | B42: I3.7 | C42: Infrastructure | D42: Healthchecks + auto-restart (liveness/readiness) | E42: Medium | F42: S | G42: routes/health.py | H42: Container healthcheck -> restart policy | I42: Killed proc auto-restarts | J42: Not Started
A43: P3 | B43: I3.8 | C43: Infrastructure | D43: 2-instance API behind LB + rolling deploy | E43: Medium | F43: M | G43: deploy/ | H43: 2 small API instances; zero-downtime deploy | I43: Deploy with no downtime | J43: Not Started
A44: P3 | B44: I3.9 | C44: Infrastructure | D44: Secrets via env/secret manager (not files) | E44: Medium | F44: S | G44: .env files | H44: Move to host secret store | I44: No secrets on disk in prod | J44: Not Started
A45: P3 | B45: I3.10 | C45: Infrastructure | D45: Rate-limit store in Redis (not in-memory) | E45: Medium | F45: S | G45: core/ratelimit.py | H45: SlowAPI -> Redis storage backend | I45: Limits consistent across 2 instances | J45: Not Started
A46: P3 | B46: I3.11 | C46: Infrastructure | D46: Email reliability: queue or native SMTP lib | E46: Medium | F46: M | G46: services/email_dispatch.py | H46: Replace Node subprocess or queue jobs | I46: Email send retried on failure | J46: Not Started
A47: PHASE 4 — Structural Refactor (data / OOP layer)
A48: P4 | B48: P4.1 | C48: Performance | D48: Add Mongo projections (project/user/scheduler light vs full) | E48: High | F48: M | G48: storage.py:2323,2490,1515,3683 | H48: Per-call-site projections | I48: Hot reads exclude heavy fields | J48: Not Started
A49: P4 | B49: P4.2 | C49: Performance | D49: Route partial writes through $set; batch bulk_update_articles | E49: High | F49: M | G49: storage.py:4104-4113,4167-4177 | H49: bulk_write of $set ops | I49: No full-doc replace on field update | J49: Not Started
A50: P4 | B50: P4.3 | C50: Performance | D50: Persist has_body + derived listing status | E50: High | F50: M | G50: storage.py:3045-3060; routes/articles.py:731-795 | H50: Write-time flags + $match | I50: Listing avoids body scan | J50: Not Started
A51: P4 | B51: P4.4 | C51: Performance | D51: Bulk scheduled-job APIs; move heal to worker | E51: Medium | F51: M | G51: routes/scheduled_jobs.py:38-78,717-771 | H51: delete_many; background heal | I51: GET board does no writes | J51: Not Started
A52: P4 | B52: P4.5 | C52: Performance | D52: Add missing indexes/TTLs (site_maps, monitors, research_cache) | E52: Medium | F52: S | G52: database.py:191-229 | H52: create_index + TTL | I52: explain() shows index use | J52: Not Started
A53: P4 | B53: P4.6 | C53: Architecture | D53: Typed repositories + domain models (heavy/light fields) | E53: High | F53: L | G53: storage.py (whole) | H53: ArticleRepository/ProjectRepository/etc. | I53: Business code uses typed models | J53: Not Started
A54: P4 | B54: P4.7 | C54: Architecture | D54: RequestContext carrying memoized user/project/plan | E54: Medium | F54: M | G54: core/deps.py | H54: DI object | I54: Single fetch per request entity | J54: Not Started
A55: P4 | B55: P4.8 | C55: Performance | D55: Expand Motor async coverage for hot reads | E55: Medium | F55: L | G55: services/mongo_listings_async.py | H55: Async reads off thread pool | I55: Thread pool not saturated under load | J55: Not Started
A56: PHASE 5 — Observability, Testing & CI
A57: P5 | B57: I5.1 | C57: Observability | D57: Error tracking (Sentry) API+worker+frontend with PII scrub | E57: High | F57: S | G57: — | H57: Integrate Sentry SDKs | I57: Test exception appears in Sentry | J57: Not Started
A58: P5 | B58: I5.2 | C58: Observability | D58: Metrics + dashboards (latency, queue depth, Mongo op time) | E58: Medium | F58: M | G58: — | H58: Prometheus/Grafana or hosted | I58: Dashboards live | J58: Not Started
A59: P5 | B59: I5.3 | C59: Observability | D59: Structured logging with request IDs | E59: Medium | F59: S | G59: core/logging.py | H59: Correlation IDs across API/worker | I59: Logs correlate by request id | J59: Not Started
A60: P5 | B60: I5.4 | C60: CI/CD | D60: CI: pip-audit/Dependabot + secret scanning (gitleaks) | E60: High | F60: S | G60: .github/workflows | H60: Block merges on Critical | I60: PR fails on planted secret | J60: Not Started
A61: P5 | B61: I5.5 | C61: CI/CD | D61: CI: backend pytest + frontend unit tests on PR | E61: High | F61: S | G61: backend/tests; frontend | H61: Green gate to deploy | I61: PR blocked on test failure | J61: Not Started
A62: P5 | B62: I5.6 | C62: Testing | D62: Integration tests for auth, plan gating, publish flows | E62: High | F62: M | G62: backend/tests | H62: Cover security-sensitive paths | I62: Critical flows covered | J62: Not Started
A63: P5 | B63: I5.7 | C63: Observability | D63: Uptime monitoring + alerting on /health readiness | E63: Medium | F63: S | G63: routes/health.py | H63: External monitor + alerts | I63: Downtime pages on-call | J63: Not Started
A64: PHASE 6 — Launch Readiness
A65: P6 | B65: L6.1 | C65: Launch | D65: Load test @ 15 concurrent users / realistic mix | E65: High | F65: M | G65: — | H65: k6/Locust scenario | I65: p95 within target, no errors | J65: Not Started
A66: P6 | B66: L6.2 | C66: Launch | D66: Security re-scan (verify P0/P1 closed) | E66: High | F66: S | G66: — | H66: Re-run audit | I66: No High/Critical open | J66: Not Started
A67: P6 | B67: L6.3 | C67: Launch | D67: Runbook + on-call + incident process | E67: Medium | F67: S | G67: docs | H67: Document runbook | I67: Runbook reviewed | J67: Not Started
A68: P6 | B68: L6.4 | C68: Launch | D68: Disaster recovery drill (restore from backup) | E68: High | F68: S | G68: Atlas | H68: Restore drill | I68: RTO/RPO verified | J68: Not Started
A69: P6 | B69: L6.5 | C69: Launch | D69: Data retention & privacy review (account deletion purges data) | E69: Medium | F69: M | G69: routes/profile.py | H69: Verify deletion end-to-end | I69: Deleted account leaves no data | J69: Not Started

Sheet Dashboard
A1: Progress Dashboard
A3: By Status | B3: Count
A4: Not Started | B4: =COUNTIF(Backlog!$J$3:$J$70,"Not Started")
A5: In Progress | B5: =COUNTIF(Backlog!$J$3:$J$70,"In Progress")
A6: Blocked | B6: =COUNTIF(Backlog!$J$3:$J$70,"Blocked")
A7: In Review | B7: =COUNTIF(Backlog!$J$3:$J$70,"In Review")
A8: Done | B8: =COUNTIF(Backlog!$J$3:$J$70,"Done")
A9: Deferred | B9: =COUNTIF(Backlog!$J$3:$J$70,"Deferred")
A10: TOTAL TASKS | B10: =COUNTA(Backlog!$B$3:$B$70)-COUNTBLANK(Backlog!$B$3:$B$70)
A12: % Complete | B12: =IFERROR(COUNTIF(Backlog!$J$3:$J$70,"Done")/B10,0)
A15: By Phase | B15: Total | C15: Done
A16: PHASE 0 — Critical Security (stop-the-bleed) | B16: =COUNTIFS(Backlog!$A$3:$A$70,"P0",Backlog!$J$3:$J$70,"<>") | C16: =COUNTIFS(Backlog!$A$3:$A$70,"P0",Backlog!$J$3:$J$70,"Done")
A17: PHASE 1 — Security Hardening | B17: =COUNTIFS(Backlog!$A$3:$A$70,"P1",Backlog!$J$3:$J$70,"<>") | C17: =COUNTIFS(Backlog!$A$3:$A$70,"P1",Backlog!$J$3:$J$70,"Done")
A18: PHASE 2 — Performance Quick Wins | B18: =COUNTIFS(Backlog!$A$3:$A$70,"P2",Backlog!$J$3:$J$70,"<>") | C18: =COUNTIFS(Backlog!$A$3:$A$70,"P2",Backlog!$J$3:$J$70,"Done")
A19: PHASE 3 — Infrastructure for ~50 Users | B19: =COUNTIFS(Backlog!$A$3:$A$70,"P3",Backlog!$J$3:$J$70,"<>") | C19: =COUNTIFS(Backlog!$A$3:$A$70,"P3",Backlog!$J$3:$J$70,"Done")
A20: PHASE 4 — Structural Refactor (data / OOP layer) | B20: =COUNTIFS(Backlog!$A$3:$A$70,"P4",Backlog!$J$3:$J$70,"<>") | C20: =COUNTIFS(Backlog!$A$3:$A$70,"P4",Backlog!$J$3:$J$70,"Done")
A21: PHASE 5 — Observability, Testing & CI | B21: =COUNTIFS(Backlog!$A$3:$A$70,"P5",Backlog!$J$3:$J$70,"<>") | C21: =COUNTIFS(Backlog!$A$3:$A$70,"P5",Backlog!$J$3:$J$70,"Done")
A22: PHASE 6 — Launch Readiness | B22: =COUNTIFS(Backlog!$A$3:$A$70,"P6",Backlog!$J$3:$J$70,"<>") | C22: =COUNTIFS(Backlog!$A$3:$A$70,"P6",Backlog!$J$3:$J$70,"Done")

Sheet Legend
A1: Legend & Conventions
A3: Severity
A4: Critical | B4: Exploitable now / secrets exposed — fix before anything else
A5: High | B5: Serious risk or large perf/scale impact — Phase 0/1/2
A6: Medium | B6: Important, bounded impact — schedule within phase
A7: Low | B7: Cleanup / future-proofing
A9: Effort
A10: S | B10: Small — < 1 day
A11: M | B11: Medium — 1-3 days
A12: L | B12: Large — 1 week+
A14: Status values | B14: Not Started, In Progress, Blocked, In Review, Done, Deferred
A15: ID prefix S | B15: Security item (see RIVISO_PRODUCTION_HARDENING_PLAN.md §A)
A16: ID prefix P2/P4 | B16: Performance item (see RIVISO_PERFORMANCE_OPTIMIZATION_AUDIT.md)
A17: ID prefix I | B17: Infrastructure / Ops item
A18: ID prefix L | B18: Launch readiness item
A19: Evidence | B19: Backend paths are relative to backend/app unless app.py/storage.py/database.py (repo root)
